{"cameraMode":{"drawMode":0,"name":"Shaded","section":"Shading Mode"},"sceneLighting":true,"audioPlay":false,"sceneViewState":{"showFog":true,"showMaterialUpdate":false,"showSkybox":true,"showFlares":true,"showImageEffects":true,"showParticleSystems":true},"in2DMode":false,"pivot":{"x":-7.56775426864624,"y":-1.0132081508636475,"z":-4.14840030670166},"rotation":{"x":-0.10054727643728256,"y":0.6419480443000794,"z":-0.08541326969861984,"w":-0.7553527355194092},"size":8.171123504638672,"orthographic":false}